{
    "$schema": "http://schema.management.azure.com/schemas/2015-01-01/deploymentTemplate.json",
    "contentVersion": "1.0.0.0",
    "parameters": {
        "omsWorkspaceName": {
            "type": "string",
            "metadata": {
                "description": "Assign a name for the Log Analytic Workspace Name"
            }
        },
        "omsWorkspaceRegion": {
            "type": "string",
            "metadata": {
                "description": "Specify the region for your Workspace"
            }
        },
        "enablePremiumManagement": {
            "type": "string",
            "allowedValues": [
                "Yes",
                "No"
            ],
            "metadata": {
                "description": "Select whether premium management should be enabled or not"
            }
        }
    },
    "variables": {
        "batch1": {
            "solutions": [
                {
                    "name": "[concat('Security', '(', parameters('omsWorkspaceName'), ')')]",
                    "marketplaceName": "Security"
                },
                {
                    "name": "[concat('AgentHealthAssessment', '(', parameters('omsWorkspaceName'), ')')]",
                    "marketplaceName": "AgentHealthAssessment"
                },
                {
                    "name": "[concat('ChangeTracking', '(', parameters('omsWorkspaceName'), ')')]",
                    "marketplaceName": "ChangeTracking"
                },
                {
                    "name": "[concat('Updates', '(', parameters('omsWorkspaceName'), ')')]",
                    "marketplaceName": "Updates"
                },
                {
                    "name": "[concat('AlertManagement', '(', parameters('omsWorkspaceName'), ')')]",
                    "marketplaceName": "AlertManagement"
                },
                {
                    "name": "[concat('AntiMalware', '(', parameters('omsWorkspaceName'), ')')]",
                    "marketplaceName": "AntiMalware"
                },
                {
                    "name": "[concat('AzureNSGAnalytics', '(', parameters('omsWorkspaceName'), ')')]",
                    "marketplaceName": "AzureNSGAnalytics"
                }                                                
            ]
        }
    },
    "resources": [
        {
            "apiVersion": "2015-11-01-preview",
            "location": "[parameters('omsWorkspaceRegion')]",
            "name": "[parameters('omsWorkspaceName')]",
            "type": "Microsoft.OperationalInsights/workspaces",
            "comments": "Log Analytics workspace",
            "properties": {
                "sku": {
                    "name": "pernode"
                }
            },
            "resources": [            
                {
                    "name": "[concat(parameters('omsWorkspaceName'), '/', 'SoftwareUpdateFailed1')]",
                    "type": "Microsoft.OperationalInsights/workspaces/savedSearches",
                    "apiVersion": "2015-11-01-preview",
                    "dependsOn": [
                        "[concat('Microsoft.OperationalInsights/workspaces/', parameters('omsWorkspaceName'))]"
                    ],
                    "tags": {},
                    "properties": {
                        "ETag": "*",
                        "query": "Type=Event EventID=20 Source=\"Microsoft-Windows-WindowsUpdateClient\" EventLog=\"System\" TimeGenerated>NOW-24HOURS | Measure Count() By Computer",
                        "displayName": "A Software Update Installation Failed",
                        "category": "Software Updates"
                    }
                },
                {
                    "name": "[concat(parameters('omsWorkspaceName'), '/', 'SoftwareUpdateFailed2')]",
                    "type": "Microsoft.OperationalInsights/workspaces/savedSearches",
                    "apiVersion": "2015-11-01-preview",
                    "dependsOn": [
                        "[concat('Microsoft.OperationalInsights/workspaces/', parameters('omsWorkspaceName'))]"
                    ],
                    "tags": {},
                    "properties": {
                        "ETag": "*",
                        "query": "Type=Event EventID=20 Source=\"Microsoft-Windows-WindowsUpdateClient\" EventLog=\"System\" TimeGenerated>NOW-168HOURS",
                        "displayName": "A Software Update Installation Failed",
                        "category": "Software Updates"
                    }
                },
                {
                    "name": "[concat(parameters('omsWorkspaceName'), '/', 'Network1')]",
                    "type": "Microsoft.OperationalInsights/workspaces/savedSearches",
                    "apiVersion": "2015-11-01-preview",
                    "dependsOn": [
                        "[concat('Microsoft.OperationalInsights/workspaces/', parameters('omsWorkspaceName'))]"
                    ],
                    "tags": {},
                    "properties": {
                        "ETag": "*",
                        "query": "Type=Event EventID=4202 Source=\"TCPIP\" EventLog=\"System\" TimeGenerated>NOW-24HOURS | Measure Count() By Computer",
                        "displayName": "A Network adatper was disconnected from the network",
                        "category": "Networking"
                    }
                },
                {
                    "name": "[concat(parameters('omsWorkspaceName'), '/', 'Network2')]",
                    "type": "Microsoft.OperationalInsights/workspaces/savedSearches",
                    "apiVersion": "2015-11-01-preview",
                    "dependsOn": [
                        "[concat('Microsoft.OperationalInsights/workspaces/', parameters('omsWorkspaceName'))]"
                    ],
                    "tags": {},
                    "properties": {
                        "ETag": "*",
                        "query": "Type=Event EventID=4198 OR EventID=4199 Source=\"TCPIP\" EventLog=\"System\" TimeGenerated>NOW-24HOURS",
                        "displayName": "Duplicate IP address has been detected",
                        "category": "Networking"
                    }
                },
                {
                    "name": "[concat(parameters('omsWorkspaceName'), '/', 'NTFS1')]",
                    "type": "Microsoft.OperationalInsights/workspaces/savedSearches",
                    "apiVersion": "2015-11-01-preview",
                    "dependsOn": [
                        "[concat('Microsoft.OperationalInsights/workspaces/', parameters('omsWorkspaceName'))]"
                    ],
                    "tags": {},
                    "properties": {
                        "ETag": "*",
                        "query": "Type=Event EventID=98 Source=\"Microsoft-Windows-Ntfs\" EventLog=\"System\" TimeGenerated>NOW-24HOURS | Measure Count() By Computer",
                        "displayName": "NTFS File System Corruption",
                        "category": "NTFS"
                    }
                },
                {
                    "name": "[concat(parameters('omsWorkspaceName'), '/', 'NTFS2')]",
                    "type": "Microsoft.OperationalInsights/workspaces/savedSearches",
                    "apiVersion": "2015-11-01-preview",
                    "dependsOn": [
                        "[concat('Microsoft.OperationalInsights/workspaces/', parameters('omsWorkspaceName'))]"
                    ],
                    "tags": {},
                    "properties": {
                        "ETag": "*",
                        "query": "Type=Event EventID=40 OR EventID=36� Source=\"DISK\" EventLog=\"System\" TimeGenerated>NOW-24HOURS | Measure Count() By Compute",
                        "displayName": "NTFS Quouta treshold limit reached",
                        "category": "NTFS"
                    }
                },
                {
                    "apiVersion": "2015-11-01-preview",
                    "type": "datasources",
                    "name": "LogicalDisk1",
                    "dependsOn": [
                        "[concat('Microsoft.OperationalInsights/workspaces/', parameters('omsWorkspaceName'))]"
                    ],
                    "kind": "WindowsPerformanceCounter",
                    "properties": {
                        "objectName": "LogicalDisk",
                        "instanceName": "*",
                        "intervalSeconds": 10,
                        "counterName": "Avg Disk sec/Read"
                    }
                },
                {
                    "apiVersion": "2015-11-01-preview",
                    "type": "datasources",
                    "name": "LogicalDisk2",
                    "dependsOn": [
                        "[concat('Microsoft.OperationalInsights/workspaces/', parameters('omsWorkspaceName'))]"
                    ],
                    "kind": "WindowsPerformanceCounter",
                    "properties": {
                        "objectName": "LogicalDisk",
                        "instanceName": "*",
                        "intervalSeconds": 10,
                        "counterName": "Avg Disk sec/Write"
                    }
                },
                {
                    "apiVersion": "2015-11-01-preview",
                    "type": "datasources",
                    "name": "LogicalDisk3",
                    "dependsOn": [
                        "[concat('Microsoft.OperationalInsights/workspaces/', parameters('omsWorkspaceName'))]"
                    ],
                    "kind": "WindowsPerformanceCounter",
                    "properties": {
                        "objectName": "LogicalDisk",
                        "instanceName": "*",
                        "intervalSeconds": 10,
                        "counterName": "Current Disk Queue Lenght"
                    }
                },
                {
                    "apiVersion": "2015-11-01-preview",
                    "type": "datasources",
                    "name": "LogicalDisk4",
                    "dependsOn": [
                        "[concat('Microsoft.OperationalInsights/workspaces/', parameters('omsWorkspaceName'))]"
                    ],
                    "kind": "WindowsPerformanceCounter",
                    "properties": {
                        "objectName": "LogicalDisk",
                        "instanceName": "*",
                        "intervalSeconds": 10,
                        "counterName": "Disk Reads/sec"
                    }
                },
                {
                    "apiVersion": "2015-11-01-preview",
                    "type": "datasources",
                    "name": "LogicalDisk5",
                    "dependsOn": [
                        "[concat('Microsoft.OperationalInsights/workspaces/', parameters('omsWorkspaceName'))]"
                    ],
                    "kind": "WindowsPerformanceCounter",
                    "properties": {
                        "objectName": "LogicalDisk",
                        "instanceName": "*",
                        "intervalSeconds": 10,
                        "counterName": "Disk Transfers/sec"
                    }
                },
                {
                    "apiVersion": "2015-11-01-preview",
                    "type": "datasources",
                    "name": "LogicalDisk6",
                    "dependsOn": [
                        "[concat('Microsoft.OperationalInsights/workspaces/', parameters('omsWorkspaceName'))]"
                    ],
                    "kind": "WindowsPerformanceCounter",
                    "properties": {
                        "objectName": "LogicalDisk",
                        "instanceName": "*",
                        "intervalSeconds": 10,
                        "counterName": "Disk Writes/sec"
                    }
                },
                {
                    "apiVersion": "2015-11-01-preview",
                    "type": "datasources",
                    "name": "LogicalDisk7",
                    "dependsOn": [
                        "[concat('Microsoft.OperationalInsights/workspaces/', parameters('omsWorkspaceName'))]"
                    ],
                    "kind": "WindowsPerformanceCounter",
                    "properties": {
                        "objectName": "LogicalDisk",
                        "instanceName": "*",
                        "intervalSeconds": 10,
                        "counterName": "Free Megabytes"
                    }
                },
                {
                    "apiVersion": "2015-11-01-preview",
                    "type": "datasources",
                    "name": "LogicalDisk8",
                    "dependsOn": [
                        "[concat('Microsoft.OperationalInsights/workspaces/', parameters('omsWorkspaceName'))]"
                    ],
                    "kind": "WindowsPerformanceCounter",
                    "properties": {
                        "objectName": "LogicalDisk",
                        "instanceName": "*",
                        "intervalSeconds": 10,
                        "counterName": "% Free Space"
                    }
                },
                {
                    "apiVersion": "2015-11-01-preview",
                    "type": "datasources",
                    "name": "Memory1",
                    "dependsOn": [
                        "[concat('Microsoft.OperationalInsights/workspaces/', parameters('omsWorkspaceName'))]"
                    ],
                    "kind": "WindowsPerformanceCounter",
                    "properties": {
                        "objectName": "Memory",
                        "instanceName": "*",
                        "intervalSeconds": 10,
                        "counterName": "Available MBytes"
                    }
                },
                {
                    "apiVersion": "2015-11-01-preview",
                    "type": "datasources",
                    "name": "Memory2",
                    "dependsOn": [
                        "[concat('Microsoft.OperationalInsights/workspaces/', parameters('omsWorkspaceName'))]"
                    ],
                    "kind": "WindowsPerformanceCounter",
                    "properties": {
                        "objectName": "Memory",
                        "instanceName": "*",
                        "intervalSeconds": 10,
                        "counterName": "% Committed Bytes In Use"
                    }
                },
                {
                    "apiVersion": "2015-11-01-preview",
                    "type": "datasources",
                    "name": "Network1",
                    "dependsOn": [
                        "[concat('Microsoft.OperationalInsights/workspaces/', parameters('omsWorkspaceName'))]"
                    ],
                    "kind": "WindowsPerformanceCounter",
                    "properties": {
                        "objectName": "Network Adapter",
                        "instanceName": "*",
                        "intervalSeconds": 10,
                        "counterName": "Bytes Received/sec"
                    }
                },
                {
                    "apiVersion": "2015-11-01-preview",
                    "type": "datasources",
                    "name": "Network2",
                    "dependsOn": [
                        "[concat('Microsoft.OperationalInsights/workspaces/', parameters('omsWorkspaceName'))]"
                    ],
                    "kind": "WindowsPerformanceCounter",
                    "properties": {
                        "objectName": "Network Adapter",
                        "instanceName": "*",
                        "intervalSeconds": 10,
                        "counterName": "Bytes Sent/sec"
                    }
                },
                {
                    "apiVersion": "2015-11-01-preview",
                    "type": "datasources",
                    "name": "Network3",
                    "dependsOn": [
                        "[concat('Microsoft.OperationalInsights/workspaces/', parameters('omsWorkspaceName'))]"
                    ],
                    "kind": "WindowsPerformanceCounter",
                    "properties": {
                        "objectName": "Network Adapter",
                        "instanceName": "*",
                        "intervalSeconds": 10,
                        "counterName": "Bytes Total/sec"
                    }
                },
                {
                    "apiVersion": "2015-11-01-preview",
                    "type": "datasources",
                    "name": "CPU1",
                    "dependsOn": [
                        "[concat('Microsoft.OperationalInsights/workspaces/', parameters('omsWorkspaceName'))]"
                    ],
                    "kind": "WindowsPerformanceCounter",
                    "properties": {
                        "objectName": "Processor",
                        "instanceName": "_Total",
                        "intervalSeconds": 10,
                        "counterName": "% Processor Time"
                    }
                },
                {
                    "apiVersion": "2015-11-01-preview",
                    "type": "datasources",
                    "name": "CPU2",
                    "dependsOn": [
                        "[concat('Microsoft.OperationalInsights/workspaces/', parameters('omsWorkspaceName'))]"
                    ],
                    "kind": "WindowsPerformanceCounter",
                    "properties": {
                        "objectName": "System",
                        "instanceName": "*",
                        "intervalSeconds": 10,
                        "counterName": "Processor Queue Lenght"
                    }
                },
                {
                    "apiVersion": "2015-11-01-preview",
                    "type": "datasources",
                    "name": "System",
                    "dependsOn": [
                        "[concat('Microsoft.OperationalInsights/workspaces/', parameters('omsWorkspaceName'))]"
                    ],
                    "kind": "WindowsEvent",
                    "properties": {
                        "eventLogName": "System",
                        "eventTypes": [
                            {
                                "eventType": "Error"
                            },
                            {
                                "eventType": "Warning"
                            }
                        ]
                    }
                },
                {
                    "apiVersion": "2015-11-01-preview",
                    "type": "datasources",
                    "name": "Application",
                    "dependsOn": [
                        "[concat('Microsoft.OperationalInsights/workspaces/', parameters('omsWorkspaceName'))]"
                    ],
                    "kind": "WindowsEvent",
                    "properties": {
                        "eventLogName": "Application",
                        "eventTypes": [
                            {
                                "eventType": "Error"
                            },
                            {
                                "eventType": "Warning"
                            }
                        ]
                    }
                },
                {
                    "apiVersion": "2015-11-01-preview",
                    "type": "datasources",
                    "name": "IISLog",
                    "dependsOn": [
                        "[concat('Microsoft.OperationalInsights/workspaces/', parameters('omsWorkspaceName'))]"
                    ],
                    "kind": "IISLogs",
                    "properties": {
                        "state": "OnPremiseEnabled"
                    }
                },
                {
                    "apiVersion": "2015-11-01-preview",
                    "type": "datasources",
                    "name": "Syslog",
                    "dependsOn": [
                        "[concat('Microsoft.OperationalInsights/workspaces/', parameters('omsWorkspaceName'))]"
                    ],
                    "kind": "LinuxSyslog",
                    "properties": {
                        "syslogName": "kern",
                        "syslogSeverities": [
                            {
                                "severity": "emerg"
                            },
                            {
                                "severity": "alert"
                            },
                            {
                                "severity": "crit"
                            },
                            {
                                "severity": "err"
                            },
                            {
                                "severity": "warning"
                            }
                        ]
                    }
                },
                {
                    "apiVersion": "2015-11-01-preview",
                    "type": "datasources",
                    "name": "SyslogCollection",
                    "dependsOn": [
                        "[concat('Microsoft.OperationalInsights/workspaces/', parameters('omsWorkspaceName'))]"
                    ],
                    "kind": "LinuxSyslogCollection",
                    "properties": {
                        "state": "Enabled"
                    }
                }
            ]
        },
        {
            "condition": "[equals(parameters('enablePremiumManagement'), 'Yes')]",
            "apiVersion": "2015-11-01-preview",
            "type": "Microsoft.OperationsManagement/solutions",
            "name": "[concat(variables('batch1').solutions[copyIndex()].Name)]",
            "location": "[parameters('omsWorkspaceRegion')]",
            "dependsOn": [
                "[concat('Microsoft.OperationalInsights/workspaces/', parameters('omsWorkspaceName'))]"
            ],
            "copy": {
                "name": "solutionCopy",
                "count": "[length(variables('batch1').solutions)]"
            },
            "properties": {
                "workspaceResourceId": "[resourceId('Microsoft.OperationalInsights/workspaces', parameters('omsWorkspaceName'))]"
            },
            "plan": {
                "name": "[variables('batch1').solutions[copyIndex()].name]",
                "product": "[concat('OMSGallery/', variables('batch1').solutions[copyIndex()].marketplaceName)]",
                "promotionCode": "",
                "publisher": "Microsoft"
            }
        }
    ],
    "outputs": {}
}