{
    "handler": "Microsoft.Compute.MultiVm",
    "version": "0.1.2-preview",
    "parameters": {
        "basics": [
            {
                "name": "botId",
                "type": "Microsoft.Common.TextBox",
                "label": "Some text box",
                "defaultValue": "my value",
                "toolTip": "Provide a descriptive name.",
                "constraints": {},
                "options": {},
                "visible": true
            }
        ],
        "steps": [
            {
                "name": "myconfigname",
                "label": "my label",
                "subLabel": {
                    "preValidation": "prevalidation",
                    "postValidation": "postvalidation"
                },
                "bladeTitle": "bladetitle",
                "elements": [
                    {
                        "name": "adminUsername",
                        "type": "Microsoft.Common.TextBox",
                        "label": "User name",
                        "toolTip": "Admin username for the virtual machine",
                        "constraints": {
                            "required": true
                        }
                    }
                ]
            }
        ],
        "outputs": {
            
        }
    }
}