{
    "$schema": "http://schema.management.azure.com/schemas/2014-04-01-preview/deploymentTemplate.json#",
    "contentVersion": "1.0.0.0",
    "parameters": {
      "siteName": {
        "type": "string",
        "metadata": {
          "description": "Name of azure web app"
        }
      },
      "administratorLogin": {
        "type": "string",
        "minLength": 1,
        "metadata": {
          "description": "Database administrator login name"
        }
      },
      "administratorLoginPassword": {
        "type": "securestring",
        "minLength": 8,
        "metadata": {
          "description": "Database administrator password"
        }
      },
      "databaseDTU": {
        "type": "int",
        "defaultValue": 2,
        "metadata": {
          "description": "Azure database for MySQL pricing tier"
        }
      },
      "databaseSkuName": {
        "type": "string",
        "defaultValue": "GP_Gen4_2",
        "metadata": {
          "description": "Azure database for MySQL sku name "
        }
      },
      "databaseSkuSizeMB": {
        "type": "int",
        "defaultValue": 5120,
        "metadata": {
          "description": "Azure database for MySQL Sku Size "
        }
      },
      "databaseSkuTier": {
        "type": "string",
        "defaultValue": "GeneralPurpose",
        "metadata": {
          "description": "Azure database for MySQL pricing tier"
        }
      },
      "mysqlVersion": {
        "type": "string",
        "allowedValues": [
          "5.6",
          "5.7"
        ],
        "defaultValue": "5.7",
        "metadata": {
          "description": "MySQL version"
        }
      },
      "location": {
        "type": "string",
        "defaultValue": "[resourceGroup().location]",
        "metadata": {
          "description": "Location for all resources."
        }
      },
      "repoURL": {
        "type": "string",
        "defaultValue": "https://github.com/davidebbo-test/Mvc52Application.git",
        "metadata": {
          "description": "The URL for the GitHub repository that contains the project to deploy."
        }
      },
      "branch": {
        "type": "string",
        "defaultValue": "master",
        "metadata": {
          "description": "The branch of the GitHub repository to use."
        }
      }
    },
    "variables": {
      "databaseName": "[concat(parameters('siteName'), 'database')]",
      "serverName": "[concat(parameters('siteName'), 'mysqlserver')]",
      "hostingPlanName": "[concat(parameters('siteName'), 'serviceplan')]"
    },
    "resources": [
      {
        "type": "Microsoft.Web/sites",
        "name": "[parameters('siteName')]",
        "properties": {
          "siteConfig": {
            "linuxFxVersion": "php|7.0",
            "connectionStrings": [
              {
                "name": "defaultConnection",
                "ConnectionString": "[concat('Database=', variables('databaseName'), ';Data Source=', reference(resourceId('Microsoft.DBforMySQL/servers',variables('serverName'))).fullyQualifiedDomainName,';User Id=',parameters('administratorLogin'),'@',variables('serverName') ,';Password=',parameters('administratorLoginPassword'))]",
                "type": "MySql"
              }
            ]
          },
          "name": "[parameters('siteName')]",
          "serverFarmId": "[variables('hostingPlanName')]",
          "hostingEnvironment": ""
        },
        "apiVersion": "2016-08-01",
        "location": "[parameters('location')]",
        "resources": [
            {
              "type": "sourcecontrols",
              "name": "web",
              "apiVersion": "2016-08-01",
              "properties": {
                "RepoUrl": "https://github.com/hotsaucejake/cora",
                "branch": "master",
                "IsManualIntegration": true
              },
              "dependsOn": [
                "[resourceId('Microsoft.Web/Sites', parameters('siteName'))]"
              ]
            },
            {
              "type": "config",
              "name": "web",
              "apiVersion": "2016-08-01",
              "properties": {
                "phpVersion": "7.0"
              },
              "dependsOn": [
                "[concat('Microsoft.Web/sites/', parameters('siteName'))]"
              ]
            }
        ],
        "dependsOn": [
          "[variables('hostingPlanName')]"
        ]
      },
      {
        "apiVersion": "2016-09-01",
        "name": "[variables('hostingPlanName')]",
        "type": "Microsoft.Web/serverfarms",
        "location": "[parameters('location')]",
        "properties": {
          "name": "[variables('hostingPlanName')]",
          "workerSizeId": "1",
          "reserved": true,
          "numberOfWorkers": "1",
          "hostingEnvironment": ""
        },
        "sku": {
          "Tier": "Standard",
          "Name": "S1"
        },
        "kind": "linux"
      },
      {
        "apiVersion": "2017-12-01-preview",
        "location": "[parameters('location')]",
        "name": "[variables('serverName')]",
        "properties": {
          "version": "[parameters('mysqlVersion')]",
          "administratorLogin": "[parameters('administratorLogin')]",
          "administratorLoginPassword": "[parameters('administratorLoginPassword')]",
          "storageProfile": {
            "storageMB": "[parameters('databaseSkuSizeMB')]",
            "backupRetentionDays": "7",
            "geoRedundantBackup": "Disabled"
          },
          "sslEnforcement": "Disabled"
        },
        "sku": {
          "name": "[parameters('databaseSkuName')]",
          "tier": "[parameters('databaseSkuTier')]",
          "capacity": "[parameters('databaseDTU')]",
          "size": "[parameters('databaseSkuSizeMB')]",
          "family": "Gen4"
        },
        "type": "Microsoft.DBforMySQL/servers",
        "resources": [
          {
            "type": "firewallrules",
            "apiVersion": "2017-12-01-preview",
            "dependsOn": [
              "[concat('Microsoft.DBforMySQL/servers/', variables('serverName'),'/databases/' , variables('databaseName'))]",
              "[concat('Microsoft.DBforMySQL/servers/', variables('serverName'))]"
            ],
            "location": "[parameters('location')]",
            "name": "AllowAzureIPs",
            "properties": {
              "startIpAddress": "0.0.0.0",
              "endIpAddress": "0.0.0.0"
            }
          },
          {
            "name": "[variables('databaseName')]",
            "type": "databases",
            "apiVersion": "2017-12-01-preview",
            "properties": {
              "charset": "utf8",
              "collation": "utf8_general_ci"
            },
            "dependsOn": [
              "[concat('Microsoft.DBforMySQL/servers/', variables('serverName'))]"
            ]
          }
        ]
      }
    ]
  }